Workbook

Sheet PSP
A1: Beispiel: Funktionsorientierter Projektstrukturplan | I1: Online-Shop
I2: 1 | J2: Fr. Claire
F5: Produkt-Katalogisierung | I5: Entwicklung | L5: Dokumentation, Tests, Kundenbetreuung
F6: 1.1 | G6: Hr. Karl | I6: 1.2 | J6: Fr. Groß | L6: 1.3 | M6: Hr. Nguyen
F8: Produkte kategorisieren | I8: Datenbank erstellen | L8: Handbücher erstellen
F9: 1.1.1 | G9: Hr. Karl | I9: 1.2.1 | J9: Fr. Groß | L9: 1.3.1 | M9: Hr. Nguyen
F11: Produkte erfassen | I11: Template auswählen | L11: Tests
F12: 1.1.2 | G12: Hr. Karl | I12: 1.2.2 | J12: Fr. Groß | L12: 1.3.2 | M12: Hr. Nguyen
F14: Produktfotos erstellen | I14: Seitenstruktur einrichten | L14: Auftraggeber-Präsentation
F15: 1.1.3 | G15: Hr. Karl | I15: 1.2.3 | J15: Fr. Groß | L15: 1.3.3 | M15: Hr. Nguyen
F17: Produktfotos bearbeiten | I17: Datenbank einbinden
F18: 1.1.4 | G18: Hr. Karl | I18: 1.2.4 | J18: Fr. Groß
I20: Zahlungsdienste einbinden
I21: 1.2.5 | J21: Fr. Groß
I23: Bewertungssystem anpassen
I24: 1.2.6 | J24: Fr. Groß
A25: PSP-ID | B25: Arbeitspaket
A26: 1.2.1 | B26: Datenbank erstellen | I26: Korrekturen
A27: 1.1.1 | B27: Produkte kategorisieren | I27: 1.2.7 | J27: Fr. Groß
A28: 1.1.2 | B28: Produkte erfassen
A29: 1.1.3 | B29: Produktfotos erstellen | I29: eventuelle Korrekturen
A30: 1.1.4 | B30: Produktfotos bearbeiten | I30: 1.2.8 | J30: Fr. Groß
A31: 1.2.2 | B31: Template auswählen
A32: 1.2.3 | B32: Seitenstruktur einrichten | I32: eventuelle Korrekturen
A33: 1.2.4 | B33: Datenbank einbinden | I33: 1.2.9 | J33: Fr. Groß
A34: 1.2.4 | B34: Zahlungsdienste einbinden
A35: 1.2.6 | B35: Bewertungssystem anpassen
A36: 1.3.1 | B36: Handbücher erstellen
A37: 1.3.2 | B37: Tests
A38: 1.2.7 | B38: Korrekturen
A39: 1.3.3 | B39: Auftraggeber-Präsentation
A40: 1.2.8 | B40: eventuelle Korrekturen
A41: 1.2.9 | B41: Onlinestellung

Sheet Netzplan
A1: PSP-ID | B1: Arbeitspaket | E1: Vorgänger | F1: Nachfolger | G1: Aufwand | H1: Personen | I1: Kapazität | J1: Dauer
A2: 1.2.1 | B2: Datenbank erstellen | F2: 1.1.1, 1.2.2 | G2: 5 | H2: 3 | I2: 1 | J2: =ROUNDUP(G2/(H2*I2),0) -> 2 | L2: 0 | N2: =L2+L4 -> 2 | Q2: =N2 -> 2 | S2: =Q2+Q4 -> 3 | V2: =S2 -> 3 | X2: =V2+V4 -> 9 | AL2: =MAX(X2,AC8,X14) -> 9 | AN2: =AL2+AL4 -> 11 | AQ2: =AN2 -> 11 | AS2: =AQ2+AQ4 -> 13 | AV2: =AS2 -> 13 | AX2: =AV2+AV4 -> 15 | BA2: =AX2 -> 15 | BC2: =BA2+BA4 -> 17 | BF2: =BC2 -> 17 | BH2: =BF2+BF4 -> 19 | BK2: =BH2 -> 19 | BM2: =BK2+BK4 -> 20 | BP2: =BM2 -> 20 | BR2: =BP2+BP4 -> 24 | BU2: =MAX(BR2,AN14) -> 29 | BW2: =BU2+BU4 -> 30
A3: 1.1.1 | B3: Produkte kategorisieren | E3: 1.2.1 | F3: 1.1.2, 1.1.3 | G3: 1 | H3: 2 | I3: 1 | J3: =ROUNDUP(G3/(H3*I3),0) -> 1 | L3: 1.2.1 | Q3: 1.1.1 | V3: 1.1.2 | AL3: 1.2.4 | AQ3: 1.2.5 | AV3: 1.2.6 | BA3: 1.3.2 | BF3: 1.2.7 | BK3: 1.3.3 | BP3: 1.2.8 | BU3: 1.2.9
A4: 1.1.2 | B4: Produkte erfassen | E4: 1.1.1 | F4: 1.2.4 | G4: 4 | H4: 1 | I4: 0.75 | J4: =ROUNDUP(G4/(H4*I4),0) -> 6 | L4: =J2 -> 2 | M4: =N5-N2 -> 0 | N4: =MIN(Q2,Q14)-N2 -> 0 | Q4: =J3 -> 1 | R4: =S5-S2 -> 5 | S4: =MIN(V2,V8)-S2 -> 0 | V4: =J4 -> 6 | W4: =X5-X2 -> 5 | X4: =AL2-X2 -> 0 | AL4: =J9 -> 2 | AM4: =AN5-AN2 -> 5 | AN4: =AQ2-AN2 -> 0 | AQ4: =J10 -> 2 | AR4: =AS5-AS2 -> 5 | AS4: =AV2-AS2 -> 0 | AV4: =J11 -> 2 | AW4: =AX5-AX2 -> 5 | AX4: =BA2-AX2 -> 0 | BA4: =J13 -> 2 | BB4: =BC5-BC2 -> 5 | BC4: =BF2-BC2 -> 0 | BF4: =J14 -> 2 | BG4: =BH5-BH2 -> 5 | BH4: =BK2-BH2 -> 0 | BK4: =J15 -> 1 | BL4: =BM5-BM2 -> 5 | BM4: =BP2-BM2 -> 0 | BP4: =J16 -> 4 | BQ4: =BR5-BR2 -> 5 | BR4: =BU2-BR2 -> 5 | BU4: =J17 -> 1 | BV4: =BW5-BW2 -> 0
A5: 1.1.3 | B5: Produktfotos erstellen | E5: 1.1.1 | F5: 1.1.4 | G5: 3 | H5: 3 | I5: =(100%+50%+25%)/3 -> 0.58333333 | J5: =ROUNDUP(G5/(H5*I5),0) -> 2 | L5: 0 | N5: =MIN(Q5,Q17) -> 2 | Q5: =S5-Q4 -> 7 | S5: =MIN(V5,V11) -> 8 | V5: =X5-V4 -> 8 | X5: =AL5 -> 14 | AL5: =AN5-AL4 -> 14 | AN5: =AQ5 -> 16 | AQ5: =AS5-AQ4 -> 16 | AS5: =AV5 -> 18 | AV5: =AX5-AV4 -> 18 | AX5: =BA5 -> 20 | BA5: =BC5-BA4 -> 20 | BC5: =BF5 -> 22 | BF5: =BH5-BF4 -> 22 | BH5: =BK5 -> 24 | BK5: =BM5-BK4 -> 24 | BM5: =BP5 -> 25 | BP5: =BR5-BP4 -> 25 | BR5: =BU5 -> 29 | BU5: =BW5-BU4 -> 29 | BW5: =BW2 -> 30
A6: 1.1.4 | B6: Produktfotos bearbeiten | E6: 1.1.3 | F6: 1.2.4 | G6: 7 | H6: 3 | I6: =(100%+50%+25%)/3 -> 0.58333333 | J6: =ROUNDUP(G6/(H6*I6),0) -> 4
A7: 1.2.2 | B7: Template auswählen | E7: 1.2.1 | F7: 1.2.3 | G7: 1 | H7: 1 | I7: 1 | J7: =ROUNDUP(G7/(H7*I7),0) -> 1
A8: 1.2.3 | B8: Seitenstruktur einrichten | E8: 1.2.2 | F8: 1.2.4, 1.3.1 | G8: 3 | H8: 1 | I8: 0.5 | J8: =ROUNDUP(G8/(H8*I8),0) -> 6 | V8: =S2 -> 3 | X8: =V8+V10 -> 5 | AA8: =X8 -> 5 | AC8: =AA8+AA10 -> 9
A9: 1.2.4 | B9: Datenbank einbinden | E9: 1.1.2, 1.1.4, 1.2.3 | F9: 1.2.5 | G9: 2 | H9: 2 | I9: =(100%+(100%-$I$12))/2 -> 0.75 | J9: =ROUNDUP(G9/(H9*I9),0) -> 2 | V9: 1.1.3 | AA9: 1.1.4
A10: 1.2.5 | B10: Zahlungsdienste einbinden | E10: 1.2.4 | F10: 1.2.6 | G10: 2 | H10: 2 | I10: =(100%+(100%-$I$12))/2 -> 0.75 | J10: =ROUNDUP(G10/(H10*I10),0) -> 2 | V10: =J5 -> 2 | W10: =X11-X8 -> 5 | X10: =AA8-X8 -> 0 | AA10: =J6 -> 4 | AB10: =AC11-AC8 -> 5 | AC10: =AL2-AC8 -> 0
A11: 1.2.6 | B11: Bewertungssystem anpassen | E11: 1.2.5 | F11: 1.3.2 | G11: 2 | H11: 2 | I11: =(100%+(100%-$I$12))/2 -> 0.75 | J11: =ROUNDUP(G11/(H11*I11),0) -> 2 | V11: =X11-V10 -> 8 | X11: =AA11 -> 10 | AA11: =AC11-AA10 -> 10 | AC11: =AL5 -> 14
A12: 1.3.1 | B12: Onlinehilfe erstellen | E12: 1.2.3 | F12: 1.2.9 | G12: 10 | H12: 1 | I12: 0.5 | J12: =ROUNDUP(G12/(H12*I12),0) -> 20
A13: 1.3.2 | B13: Tests | E13: 1.2.6 | F13: 1.2.7 | G13: 3 | H13: 2 | I13: =(100%+(100%-$I$12))/2 -> 0.75 | J13: =ROUNDUP(G13/(H13*I13),0) -> 2
A14: 1.2.7 | B14: Korrekturen | E14: 1.3.2 | F14: 1.3.3 | G14: 3 | H14: 2 | I14: =(100%+(100%-$I$12))/2 -> 0.75 | J14: =ROUNDUP(G14/(H14*I14),0) -> 2 | Q14: =N2 -> 2 | S14: =Q14+Q16 -> 3 | V14: =S14 -> 3 | X14: =V14+V16 -> 9 | AL14: =X14 -> 9 | AN14: =AL14+AL16 -> 29
A15: 1.3.3 | B15: Auftraggeber-Präsentation | E15: 1.2.7 | F15: 1.2.8 | G15: 1 | H15: 2 | I15: =(100%+(100%-$I$12))/2 -> 0.75 | J15: =ROUNDUP(G15/(H15*I15),0) -> 1 | Q15: 1.2.2 | V15: 1.2.3 | AL15: 1.3.1
A16: 1.2.8 | B16: eventuelle Korrekturen | E16: 1.3.3 | F16: 1.2.9 | G16: 5 | H16: 2 | I16: =(100%+(100%-$I$12))/2 -> 0.75 | J16: =ROUNDUP(G16/(H16*I16),0) -> 4 | Q16: =J7 -> 1 | R16: =S17-S14 -> 0 | S16: =V14-S14 -> 0 | V16: =J8 -> 6 | W16: =X17-X14 -> 0 | X16: =MIN(AL2,AL14)-X14 -> 0 | AL16: =J12 -> 20 | AM16: =AN17-AN14 -> 0 | AN16: =BU2-AN14 -> 0
A17: 1.2.9 | B17: Onlinestellung | E17: 1.3.1, 1.2.8 | G17: 1 | H17: 3 | I17: 1 | J17: =ROUNDUP(G17/(H17*I17),0) -> 1 | Q17: =S17-Q16 -> 2 | S17: =V17 -> 3 | V17: =X17-V16 -> 3 | X17: =MIN(AL5,AL17) -> 9 | AL17: =AN17-AL16 -> 9 | AN17: =BU5 -> 29
A19: Früheste | B19: Anfangszeit | D19: Endzeit
B20: PSP-ID
B21: Dauer | C21: Gesamtpuffer | D21: Freier Puffer
A22: Späteste | B22: Anfangszeit | D22: Endzeit | G22: 25 | H22: 5 | I22: 0.75 | J22: =G22/(H22*I22) -> 6.6666667
G23: 20 | H23: 5 | I23: 0.8 | J23: =G23/(H23*I23) -> 5
B24: FAZ | D24: FEZ
B25: ID
B26: D | C26: GP | D26: FP
B27: SAZ | D27: SEZ
A29: FAZ | B29: = | C29: FEZ_Vorgänger
A30: FEZ | B30: = | C30: FAZ + D
A32: FEZ | B32: = | C32: FAZ + D
A33: FAZ | B33: = | C33: FEZ_Vorgänger

Sheet Gantt
A1: PSP-ID | B1: Arbeitspaket | E1: Vorgänger | F1: Nachfolger | G1: Dauer | I1: 44515 | J1: 44516 | K1: 44517 | L1: 44518 | M1: 44519 | N1: 44520 | O1: 44521 | P1: 44522 | Q1: 44523 | R1: 44524 | S1: 44525 | T1: 44526 | U1: 44527 | V1: 44528 | W1: 44529 | X1: 44530 | Y1: 44531 | Z1: 44532 | AA1: 44533 | AB1: 44534 | AC1: 44535 | AD1: 44536 | AE1: 44537 | AF1: 44538 | AG1: 44539 | AH1: 44540 | AI1: 44541 | AJ1: 44542 | AK1: 44543 | AL1: 44544 | AM1: 44545 | AN1: 44546 | AO1: 44547 | AP1: 44548 | AQ1: 44549 | AR1: 44550 | AS1: 44551 | AT1: 44552 | AU1: 44553 | AV1: 44554 | AW1: 44555 | AX1: 44556 | AY1: 44557 | AZ1: 44558 | BA1: 44559 | BB1: 44560 | BC1: 44561 | BD1: 44562 | BE1: 44563 | BF1: 44564 | BG1: 44565 | BH1: 44566 | BI1: 44567 | BJ1: 44568
A2: 1.2.1 | B2: Datenbank erstellen | F2: 1.1.1, 1.2.2 | G2: =Netzplan!J2 -> 2 | H2: =SUM(I2:BJ2) -> 0
A3: 1.1.1 | B3: Produkte kategorisieren | E3: 1.2.1 | F3: 1.1.2, 1.1.3 | G3: =Netzplan!J3 -> 1 | H3: =SUM(I3:BJ3) -> 0
A4: 1.1.2 | B4: Produkte erfassen | E4: 1.1.1 | F4: 1.2.4 | G4: =Netzplan!J4 -> 6 | H4: =SUM(I4:BJ4) -> 0
A5: 1.1.3 | B5: Produktfotos erstellen | E5: 1.1.1 | F5: 1.1.4 | G5: =Netzplan!J5 -> 2 | H5: =SUM(I5:BJ5) -> 0
A6: 1.1.4 | B6: Produktfotos bearbeiten | E6: 1.1.3 | F6: 1.2.4 | G6: =Netzplan!J6 -> 4 | H6: =SUM(I6:BJ6) -> 0
A7: 1.2.2 | B7: Template auswählen | E7: 1.2.1 | F7: 1.2.3 | G7: =Netzplan!J7 -> 1 | H7: =SUM(I7:BJ7) -> 0
A8: 1.2.3 | B8: Seitenstruktur einrichten | E8: 1.2.2 | F8: 1.2.4, 1.3.1 | G8: =Netzplan!J8 -> 6 | H8: =SUM(I8:BJ8) -> 0
B9: Datenbankvorbereitung
A10: 1.2.4 | B10: Datenbank einbinden | E10: 1.1.2, 1.1.4, 1.2.3 | F10: 1.2.5 | G10: =Netzplan!J9 -> 2 | H10: =SUM(I10:BJ10) -> 0
A11: 1.2.5 | B11: Zahlungsdienste einbinden | E11: 1.2.4 | F11: 1.2.6 | G11: =Netzplan!J10 -> 2 | H11: =SUM(I11:BJ11) -> 0
A12: 1.2.6 | B12: Bewertungssystem anpassen | E12: 1.2.5 | F12: 1.3.2 | G12: =Netzplan!J11 -> 2 | H12: =SUM(I12:BJ12) -> 0
A13: 1.3.1 | B13: Onlinehilfe erstellen | E13: 1.2.3 | F13: 1.2.9 | G13: =Netzplan!J12 -> 20 | H13: =SUM(I13:BJ13) -> 0
B14: Testphase
A15: 1.3.2 | B15: Tests | E15: 1.2.6 | F15: 1.2.7 | G15: =Netzplan!J13 -> 2 | H15: =SUM(I15:BJ15) -> 0
A16: 1.2.7 | B16: Korrekturen | E16: 1.3.2 | F16: 1.3.3 | G16: =Netzplan!J14 -> 2 | H16: =SUM(I16:BJ16) -> 0
A17: 1.3.3 | B17: Auftraggeber-Präsentation | E17: 1.2.7 | F17: 1.2.8 | G17: =Netzplan!J15 -> 1 | H17: =SUM(I17:BJ17) -> 0
A18: 1.2.8 | B18: eventuelle Korrekturen | E18: 1.3.3 | F18: 1.2.9 | G18: =Netzplan!J16 -> 4 | H18: =SUM(I18:BJ18) -> 0
A19: 1.2.9 | B19: Onlinestellung | E19: 1.3.1, 1.2.8 | G19: =Netzplan!J17 -> 1 | H19: =SUM(I19:BJ19) -> 0
A22: Gantt
